status,project,preset,grid_profile,active_params,model,seed,n_samples,n_refs,radius_pct,n_sensors,observation_mode,noise,observation_noise,observation_event_noise_mode,observation_event_noise,epochs,learning_rate,batch_size,hidden_dim,residual_form,formulation,device,test_mae,active_test_mae,active_params_detected,param1_mae,param2_mae,active_param1_mae,active_param2_mae,data_loss,physics_loss,total_loss,train_observation_active_fraction,test_observation_active_fraction,train_observation_active_fraction_gt_0p5,test_observation_active_fraction_gt_0p5,train_observation_events_per_sample,test_observation_events_per_sample,train_observation_events_per_sample_gt_0p5,test_observation_events_per_sample_gt_0p5,test_observation_first_active_index,test_observation_first_active_index_gt_0p5,test_model_event_abs_mean,test_model_spike_mean,test_model_spike_active_fraction_gt_0p5,test_model_spike_count_per_sample,early_active_test_mae_25,early_active_test_mae_50,early_active_test_mae_75,run_hash,run_dir
complete,fhncardiac1d,Belhamadia2009,coarse20,"a,d,gamma",convmulti,1234,256,0,1,0,default,0,0,none,0,300,0.001,16,20,strong,absolute,cuda,0.00103497318845,0.00206994630239,"0,2,4",0.0009814256201,0,0.0009814256201,0.00456527571995,0.671467423439,0,0.671467423439,0.954893566347,0.95486398309,0.0744606086162,0.0744072236008,4795.4754902,4795.32692308,373.941176471,373.673076923,56,56,,,,,,,,2623abe54472,/home/ubuntu/Github/thesis/modelling-cardiac-functions-thesis-index/output/results/heart_problem/matrix/fhncardiac1d-belhamadia2009-locality-e300-n256-ms4/fhncardiac1d/preset-belhamadia2009/grid-coarse20/active-a-d-gamma/convmulti/seed-1234/run-2623abe54472
complete,fhncardiac1d,Belhamadia2009,coarse20,"a,d,gamma",convmulti,1234,256,0,2,0,default,0,0,none,0,300,0.001,16,20,strong,absolute,cuda,0.00206917476964,0.00413834946477,"0,2,4",0.00202053139151,0,0.00202053139151,0.00909207281242,0.677628815174,0,0.677628815174,0.954881853179,0.954860153785,0.0746675412499,0.0744914683087,4795.41666667,4795.30769231,374.980392157,374.096153846,56,56,,,,,,,,eb061fe5c16d,/home/ubuntu/Github/thesis/modelling-cardiac-functions-thesis-index/output/results/heart_problem/matrix/fhncardiac1d-belhamadia2009-locality-e300-n256-ms4/fhncardiac1d/preset-belhamadia2009/grid-coarse20/active-a-d-gamma/convmulti/seed-1234/run-eb061fe5c16d
complete,fhncardiac1d,Belhamadia2009,coarse20,"a,d,gamma",convmulti,1234,256,0,5,0,default,0,0,none,0,300,0.001,16,20,strong,absolute,cuda,0.00411152400637,0.00822304793824,"0,2,4",0.000727090260062,0,0.000727090260062,0.0232686712719,0.302758187056,0,0.302758187056,0.954888685861,0.954791226297,0.0758378819469,0.074878228104,4795.45098039,4794.96153846,380.857843137,376.038461538,56,56,,,,,,,,5a1b39230b83,/home/ubuntu/Github/thesis/modelling-cardiac-functions-thesis-index/output/results/heart_problem/matrix/fhncardiac1d-belhamadia2009-locality-e300-n256-ms4/fhncardiac1d/preset-belhamadia2009/grid-coarse20/active-a-d-gamma/convmulti/seed-1234/run-5a1b39230b83
complete,fhncardiac1d,Belhamadia2009,coarse20,"a,d,gamma",convmulti,1234,256,1,1,0,default,0,0,none,0,300,0.001,16,20,strong,reference_delta,cuda,6.60830609789e-05,0.000132166047452,"0,2,4",4.69012129338e-05,0,4.69012129338e-05,0.000324847614058,0.00263372715563,0,0.00263372715563,0.980070239964,0.980029409062,0.314934289128,0.314934289128,24609.5637255,24608.5384615,7908,7908,56,56,,,,,,,,529f8d5a5a72,/home/ubuntu/Github/thesis/modelling-cardiac-functions-thesis-index/output/results/heart_problem/matrix/fhncardiac1d-belhamadia2009-locality-e300-n256-ms4/fhncardiac1d/preset-belhamadia2009/grid-coarse20/active-a-d-gamma/convmulti/seed-1234/run-529f8d5a5a72
complete,fhncardiac1d,Belhamadia2009,coarse20,"a,d,gamma",convmulti,1234,256,1,2,0,default,0,0,none,0,300,0.001,16,20,strong,reference_delta,cuda,0.000155286686219,0.000310573297933,"0,2,4",0.000109950189164,0,0.000109950189164,0.000755280768807,0.00385901867412,0,0.00385901867412,0.980317583027,0.980279079741,0.314950687563,0.31493582085,24615.7745098,24614.8076923,7908.41176471,7908.03846154,56,56,,,,,,,,01d7630dcc13,/home/ubuntu/Github/thesis/modelling-cardiac-functions-thesis-index/output/results/heart_problem/matrix/fhncardiac1d-belhamadia2009-locality-e300-n256-ms4/fhncardiac1d/preset-belhamadia2009/grid-coarse20/active-a-d-gamma/convmulti/seed-1234/run-01d7630dcc13
complete,fhncardiac1d,Belhamadia2009,coarse20,"a,d,gamma",convmulti,1234,256,1,5,0,default,0,0,none,0,300,0.001,16,20,strong,reference_delta,cuda,0.000605529913516,0.00121105975253,"0,2,4",0.000358123223639,0,0.000358123223639,0.00306802539549,0.0098333619535,0,0.0098333619535,0.980624077588,0.980606868241,0.315494959433,0.315351683362,24623.4705882,24623.0384615,7922.07843137,7918.48076923,56,56,,,,,,,,0b08bb667996,/home/ubuntu/Github/thesis/modelling-cardiac-functions-thesis-index/output/results/heart_problem/matrix/fhncardiac1d-belhamadia2009-locality-e300-n256-ms4/fhncardiac1d/preset-belhamadia2009/grid-coarse20/active-a-d-gamma/convmulti/seed-1234/run-0b08bb667996
complete,fhncardiac1d,Belhamadia2009,coarse20,"a,d,gamma",convmulti,1235,256,0,1,0,default,0,0,none,0,300,0.001,16,20,strong,absolute,cuda,0.00103439580324,0.00206879153198,"0,2,4",0.000977648671042,0,0.000977648671042,0.00456444010868,0.670692801476,0,0.670692801476,0.954893566347,0.95486398309,0.0744606086162,0.0744072236008,4795.4754902,4795.32692308,373.941176471,373.673076923,56,56,,,,,,,,b24e276eea8f,/home/ubuntu/Github/thesis/modelling-cardiac-functions-thesis-index/output/results/heart_problem/matrix/fhncardiac1d-belhamadia2009-locality-e300-n256-ms4/fhncardiac1d/preset-belhamadia2009/grid-coarse20/active-a-d-gamma/convmulti/seed-1235/run-b24e276eea8f
complete,fhncardiac1d,Belhamadia2009,coarse20,"a,d,gamma",convmulti,1235,256,0,2,0,default,0,0,none,0,300,0.001,16,20,strong,absolute,cuda,0.00206659666097,0.00413319324743,"0,2,4",0.00197309821193,0,0.00197309821193,0.00912426085739,0.666079342365,0,0.666079342365,0.954881853179,0.954860153785,0.0746675412499,0.0744914683087,4795.41666667,4795.30769231,374.980392157,374.096153846,56,56,,,,,,,,66e73a4f1b9e,/home/ubuntu/Github/thesis/modelling-cardiac-functions-thesis-index/output/results/heart_problem/matrix/fhncardiac1d-belhamadia2009-locality-e300-n256-ms4/fhncardiac1d/preset-belhamadia2009/grid-coarse20/active-a-d-gamma/convmulti/seed-1235/run-66e73a4f1b9e
complete,fhncardiac1d,Belhamadia2009,coarse20,"a,d,gamma",convmulti,1235,256,0,5,0,default,0,0,none,0,300,0.001,16,20,strong,absolute,cuda,0.00408030876816,0.00816061746182,"0,2,4",0.000599835130609,0,0.000599835130609,0.0232836687175,0.298640072346,0,0.298640072346,0.954888685861,0.954791226297,0.0758378819469,0.074878228104,4795.45098039,4794.96153846,380.857843137,376.038461538,56,56,,,,,,,,18a7fde49322,/home/ubuntu/Github/thesis/modelling-cardiac-functions-thesis-index/output/results/heart_problem/matrix/fhncardiac1d-belhamadia2009-locality-e300-n256-ms4/fhncardiac1d/preset-belhamadia2009/grid-coarse20/active-a-d-gamma/convmulti/seed-1235/run-18a7fde49322
complete,fhncardiac1d,Belhamadia2009,coarse20,"a,d,gamma",convmulti,1235,256,1,1,0,default,0,0,none,0,300,0.001,16,20,strong,reference_delta,cuda,7.60616882492e-05,0.000152123301993,"0,2,4",5.27539420087e-05,0,5.27539420087e-05,0.000375008984308,0.00358656654134,0,0.00358656654134,0.980070239964,0.980029409062,0.314934289128,0.314934289128,24609.5637255,24608.5384615,7908,7908,56,56,,,,,,,,f7f079b0d258,/home/ubuntu/Github/thesis/modelling-cardiac-functions-thesis-index/output/results/heart_problem/matrix/fhncardiac1d-belhamadia2009-locality-e300-n256-ms4/fhncardiac1d/preset-belhamadia2009/grid-coarse20/active-a-d-gamma/convmulti/seed-1235/run-f7f079b0d258
complete,fhncardiac1d,Belhamadia2009,coarse20,"a,d,gamma",convmulti,1235,256,1,2,0,default,0,0,none,0,300,0.001,16,20,strong,reference_delta,cuda,0.000211271074087,0.000422542073668,"0,2,4",0.000120026486662,0,0.000120026486662,0.00107514810197,0.00584130547941,0,0.00584130547941,0.980317583027,0.980279079741,0.314950687563,0.31493582085,24615.7745098,24614.8076923,7908.41176471,7908.03846154,56,56,,,,,,,,a262cd1c12c2,/home/ubuntu/Github/thesis/modelling-cardiac-functions-thesis-index/output/results/heart_problem/matrix/fhncardiac1d-belhamadia2009-locality-e300-n256-ms4/fhncardiac1d/preset-belhamadia2009/grid-coarse20/active-a-d-gamma/convmulti/seed-1235/run-a262cd1c12c2
complete,fhncardiac1d,Belhamadia2009,coarse20,"a,d,gamma",convmulti,1235,256,1,5,0,default,0,0,none,0,300,0.001,16,20,strong,reference_delta,cuda,0.000584498611289,0.00116899714807,"0,2,4",0.00027513976681,0,0.00027513976681,0.00303257656523,0.00844046100974,0,0.00844046100974,0.980624077588,0.980606868241,0.315494959433,0.315351683362,24623.4705882,24623.0384615,7922.07843137,7918.48076923,56,56,,,,,,,,6181cbcb0216,/home/ubuntu/Github/thesis/modelling-cardiac-functions-thesis-index/output/results/heart_problem/matrix/fhncardiac1d-belhamadia2009-locality-e300-n256-ms4/fhncardiac1d/preset-belhamadia2009/grid-coarse20/active-a-d-gamma/convmulti/seed-1235/run-6181cbcb0216
complete,fhncardiac1d,Belhamadia2009,coarse20,"a,d,gamma",convmulti,1236,256,0,1,0,default,0,0,none,0,300,0.001,16,20,strong,absolute,cuda,0.00103553249248,0.00207106491045,"0,2,4",0.000942550280208,0,0.000942550280208,0.00458005537937,0.669610738754,0,0.669610738754,0.954893566347,0.95486398309,0.0744606086162,0.0744072236008,4795.4754902,4795.32692308,373.941176471,373.673076923,56,56,,,,,,,,c5c71cbead0a,/home/ubuntu/Github/thesis/modelling-cardiac-functions-thesis-index/output/results/heart_problem/matrix/fhncardiac1d-belhamadia2009-locality-e300-n256-ms4/fhncardiac1d/preset-belhamadia2009/grid-coarse20/active-a-d-gamma/convmulti/seed-1236/run-c5c71cbead0a
complete,fhncardiac1d,Belhamadia2009,coarse20,"a,d,gamma",convmulti,1236,256,0,2,0,default,0,0,none,0,300,0.001,16,20,strong,absolute,cuda,0.00205216972725,0.00410433937998,"0,2,4",0.00188493349547,0,0.00188493349547,0.00913492321135,0.647452175617,0,0.647452175617,0.954881853179,0.954860153785,0.0746675412499,0.0744914683087,4795.41666667,4795.30769231,374.980392157,374.096153846,56,56,,,,,,,,a56c66c700a0,/home/ubuntu/Github/thesis/modelling-cardiac-functions-thesis-index/output/results/heart_problem/matrix/fhncardiac1d-belhamadia2009-locality-e300-n256-ms4/fhncardiac1d/preset-belhamadia2009/grid-coarse20/active-a-d-gamma/convmulti/seed-1236/run-a56c66c700a0
complete,fhncardiac1d,Belhamadia2009,coarse20,"a,d,gamma",convmulti,1236,256,0,5,0,default,0,0,none,0,300,0.001,16,20,strong,absolute,cuda,0.0040762086703,0.0081524172661,"0,2,4",0.00060512368278,0,0.00060512368278,0.0233117505289,0.29749083519,0,0.29749083519,0.954888685861,0.954791226297,0.0758378819469,0.074878228104,4795.45098039,4794.96153846,380.857843137,376.038461538,56,56,,,,,,,,48d6f90d5e85,/home/ubuntu/Github/thesis/modelling-cardiac-functions-thesis-index/output/results/heart_problem/matrix/fhncardiac1d-belhamadia2009-locality-e300-n256-ms4/fhncardiac1d/preset-belhamadia2009/grid-coarse20/active-a-d-gamma/convmulti/seed-1236/run-48d6f90d5e85
complete,fhncardiac1d,Belhamadia2009,coarse20,"a,d,gamma",convmulti,1236,256,1,1,0,default,0,0,none,0,300,0.001,16,20,strong,reference_delta,cuda,7.37433381203e-05,0.000147486601735,"0,2,4",4.4631965062e-05,0,4.4631965062e-05,0.000369788110991,0.00306087033823,0,0.00306087033823,0.980070239964,0.980029409062,0.314934289128,0.314934289128,24609.5637255,24608.5384615,7908,7908,56,56,,,,,,,,59abfb2d5929,/home/ubuntu/Github/thesis/modelling-cardiac-functions-thesis-index/output/results/heart_problem/matrix/fhncardiac1d-belhamadia2009-locality-e300-n256-ms4/fhncardiac1d/preset-belhamadia2009/grid-coarse20/active-a-d-gamma/convmulti/seed-1236/run-59abfb2d5929
complete,fhncardiac1d,Belhamadia2009,coarse20,"a,d,gamma",convmulti,1236,256,1,2,0,default,0,0,none,0,300,0.001,16,20,strong,reference_delta,cuda,0.000185492116889,0.000370984159273,"0,2,4",0.000118493996864,0,0.000118493996864,0.000917243303312,0.00520459469408,0,0.00520459469408,0.980317583027,0.980279079741,0.314950687563,0.31493582085,24615.7745098,24614.8076923,7908.41176471,7908.03846154,56,56,,,,,,,,fc2c1b8c0f10,/home/ubuntu/Github/thesis/modelling-cardiac-functions-thesis-index/output/results/heart_problem/matrix/fhncardiac1d-belhamadia2009-locality-e300-n256-ms4/fhncardiac1d/preset-belhamadia2009/grid-coarse20/active-a-d-gamma/convmulti/seed-1236/run-fc2c1b8c0f10
complete,fhncardiac1d,Belhamadia2009,coarse20,"a,d,gamma",convmulti,1236,256,1,5,0,default,0,0,none,0,300,0.001,16,20,strong,reference_delta,cuda,0.000591918306979,0.00118383653945,"0,2,4",0.000310806997532,0,0.000310806997532,0.0030385904592,0.00886460766196,0,0.00886460766196,0.980624077588,0.980606868241,0.315494959433,0.315351683362,24623.4705882,24623.0384615,7922.07843137,7918.48076923,56,56,,,,,,,,87ea93bcabf7,/home/ubuntu/Github/thesis/modelling-cardiac-functions-thesis-index/output/results/heart_problem/matrix/fhncardiac1d-belhamadia2009-locality-e300-n256-ms4/fhncardiac1d/preset-belhamadia2009/grid-coarse20/active-a-d-gamma/convmulti/seed-1236/run-87ea93bcabf7
complete,fhncardiac1d,Belhamadia2009,coarse20,"a,d,gamma",convmulti,1237,256,0,1,0,default,0,0,none,0,300,0.001,16,20,strong,absolute,cuda,0.00104012251601,0.00208024495751,"0,2,4",0.000978501267216,0,0.000978501267216,0.00458438130109,0.677030026913,0,0.677030026913,0.954893566347,0.95486398309,0.0744606086162,0.0744072236008,4795.4754902,4795.32692308,373.941176471,373.673076923,56,56,,,,,,,,e5086b5ea413,/home/ubuntu/Github/thesis/modelling-cardiac-functions-thesis-index/output/results/heart_problem/matrix/fhncardiac1d-belhamadia2009-locality-e300-n256-ms4/fhncardiac1d/preset-belhamadia2009/grid-coarse20/active-a-d-gamma/convmulti/seed-1237/run-e5086b5ea413
complete,fhncardiac1d,Belhamadia2009,coarse20,"a,d,gamma",convmulti,1237,256,0,2,0,default,0,0,none,0,300,0.001,16,20,strong,absolute,cuda,0.00207268375526,0.00414536743601,"0,2,4",0.00196268259997,0,0.00196268259997,0.00917082469364,0.665725171566,0,0.665725171566,0.954881853179,0.954860153785,0.0746675412499,0.0744914683087,4795.41666667,4795.30769231,374.980392157,374.096153846,56,56,,,,,,,,b1c97665571c,/home/ubuntu/Github/thesis/modelling-cardiac-functions-thesis-index/output/results/heart_problem/matrix/fhncardiac1d-belhamadia2009-locality-e300-n256-ms4/fhncardiac1d/preset-belhamadia2009/grid-coarse20/active-a-d-gamma/convmulti/seed-1237/run-b1c97665571c
complete,fhncardiac1d,Belhamadia2009,coarse20,"a,d,gamma",convmulti,1237,256,0,5,0,default,0,0,none,0,300,0.001,16,20,strong,absolute,cuda,0.0041179890629,0.0082359780513,"0,2,4",0.000745699302216,0,0.000745699302216,0.0233167756589,0.302122890949,0,0.302122890949,0.954888685861,0.954791226297,0.0758378819469,0.074878228104,4795.45098039,4794.96153846,380.857843137,376.038461538,56,56,,,,,,,,c11983224c62,/home/ubuntu/Github/thesis/modelling-cardiac-functions-thesis-index/output/results/heart_problem/matrix/fhncardiac1d-belhamadia2009-locality-e300-n256-ms4/fhncardiac1d/preset-belhamadia2009/grid-coarse20/active-a-d-gamma/convmulti/seed-1237/run-c11983224c62
complete,fhncardiac1d,Belhamadia2009,coarse20,"a,d,gamma",convmulti,1237,256,1,1,0,default,0,0,none,0,300,0.001,16,20,strong,reference_delta,cuda,7.84377618526e-05,0.000156875449199,"0,2,4",4.64257521513e-05,0,4.64257521513e-05,0.000399093619684,0.00348680140451,0,0.00348680140451,0.980070239964,0.980029409062,0.314934289128,0.314934289128,24609.5637255,24608.5384615,7908,7908,56,56,,,,,,,,8c4e07c32a71,/home/ubuntu/Github/thesis/modelling-cardiac-functions-thesis-index/output/results/heart_problem/matrix/fhncardiac1d-belhamadia2009-locality-e300-n256-ms4/fhncardiac1d/preset-belhamadia2009/grid-coarse20/active-a-d-gamma/convmulti/seed-1237/run-8c4e07c32a71
complete,fhncardiac1d,Belhamadia2009,coarse20,"a,d,gamma",convmulti,1237,256,1,2,0,default,0,0,none,0,300,0.001,16,20,strong,reference_delta,cuda,0.000194931843127,0.000389863611748,"0,2,4",0.000110746167146,0,0.000110746167146,0.000986568248154,0.00528725236654,0,0.00528725236654,0.980317583027,0.980279079741,0.314950687563,0.31493582085,24615.7745098,24614.8076923,7908.41176471,7908.03846154,56,56,,,,,,,,d50edb10f813,/home/ubuntu/Github/thesis/modelling-cardiac-functions-thesis-index/output/results/heart_problem/matrix/fhncardiac1d-belhamadia2009-locality-e300-n256-ms4/fhncardiac1d/preset-belhamadia2009/grid-coarse20/active-a-d-gamma/convmulti/seed-1237/run-d50edb10f813
complete,fhncardiac1d,Belhamadia2009,coarse20,"a,d,gamma",convmulti,1237,256,1,5,0,default,0,0,none,0,300,0.001,16,20,strong,reference_delta,cuda,0.000624728435747,0.00124945679699,"0,2,4",0.000288261046603,0,0.000288261046603,0.00327034206096,0.00986955314875,0,0.00986955314875,0.980624077588,0.980606868241,0.315494959433,0.315351683362,24623.4705882,24623.0384615,7922.07843137,7918.48076923,56,56,,,,,,,,74db7c61d819,/home/ubuntu/Github/thesis/modelling-cardiac-functions-thesis-index/output/results/heart_problem/matrix/fhncardiac1d-belhamadia2009-locality-e300-n256-ms4/fhncardiac1d/preset-belhamadia2009/grid-coarse20/active-a-d-gamma/convmulti/seed-1237/run-74db7c61d819
complete,fhncardiac1d,Belhamadia2009,coarse20,"a,d,gamma",convmultiplus,1234,256,0,1,0,default,0,0,none,0,300,0.001,16,20,strong,absolute,cuda,0.000503412628284,0.00100682518206,"0,2,4",0.000307300707114,0,0.000307300707114,0.00253823141882,0.133202970028,0,0.133202970028,0.954893566347,0.95486398309,0.0744606086162,0.0744072236008,4795.4754902,4795.32692308,373.941176471,373.673076923,56,56,,,,,,,,90ab5ee724e1,/home/ubuntu/Github/thesis/modelling-cardiac-functions-thesis-index/output/results/heart_problem/matrix/fhncardiac1d-belhamadia2009-locality-e300-n256-ms4/fhncardiac1d/preset-belhamadia2009/grid-coarse20/active-a-d-gamma/convmultiplus/seed-1234/run-90ab5ee724e1
complete,fhncardiac1d,Belhamadia2009,coarse20,"a,d,gamma",convmultiplus,1234,256,0,2,0,default,0,0,none,0,300,0.001,16,20,strong,absolute,cuda,0.000380586129599,0.000761172184692,"0,2,4",0.00021695330627,0,0.00021695330627,0.00193733441503,0.0216914303601,0,0.0216914303601,0.954881853179,0.954860153785,0.0746675412499,0.0744914683087,4795.41666667,4795.30769231,374.980392157,374.096153846,56,56,,,,,,,,6efdbe6518f3,/home/ubuntu/Github/thesis/modelling-cardiac-functions-thesis-index/output/results/heart_problem/matrix/fhncardiac1d-belhamadia2009-locality-e300-n256-ms4/fhncardiac1d/preset-belhamadia2009/grid-coarse20/active-a-d-gamma/convmultiplus/seed-1234/run-6efdbe6518f3
complete,fhncardiac1d,Belhamadia2009,coarse20,"a,d,gamma",convmultiplus,1234,256,0,5,0,default,0,0,none,0,300,0.001,16,20,strong,absolute,cuda,0.000321020382687,0.000642040690868,"0,2,4",0.000229717290448,0,0.000229717290448,0.00155387199606,0.00256028585136,0,0.00256028585136,0.954888685861,0.954791226297,0.0758378819469,0.074878228104,4795.45098039,4794.96153846,380.857843137,376.038461538,56,56,,,,,,,,0cfba55d3a2d,/home/ubuntu/Github/thesis/modelling-cardiac-functions-thesis-index/output/results/heart_problem/matrix/fhncardiac1d-belhamadia2009-locality-e300-n256-ms4/fhncardiac1d/preset-belhamadia2009/grid-coarse20/active-a-d-gamma/convmultiplus/seed-1234/run-0cfba55d3a2d
complete,fhncardiac1d,Belhamadia2009,coarse20,"a,d,gamma",convmultiplus,1234,256,1,1,0,default,0,0,none,0,300,0.001,16,20,strong,reference_delta,cuda,2.66340767417e-05,5.32680789775e-05,"0,2,4",1.70942321468e-05,0,1.70942321468e-05,0.000131702478278,0.000394627830246,0,0.000394627830246,0.980070239964,0.980029409062,0.314934289128,0.314934289128,24609.5637255,24608.5384615,7908,7908,56,56,,,,,,,,c743e29d19ff,/home/ubuntu/Github/thesis/modelling-cardiac-functions-thesis-index/output/results/heart_problem/matrix/fhncardiac1d-belhamadia2009-locality-e300-n256-ms4/fhncardiac1d/preset-belhamadia2009/grid-coarse20/active-a-d-gamma/convmultiplus/seed-1234/run-c743e29d19ff
complete,fhncardiac1d,Belhamadia2009,coarse20,"a,d,gamma",convmultiplus,1234,256,1,2,0,default,0,0,none,0,300,0.001,16,20,strong,reference_delta,cuda,4.93787309129e-05,9.875738732e-05,"0,2,4",3.35118912868e-05,0,3.35118912868e-05,0.00023029424533,0.000464500335511,0,0.000464500335511,0.980317583027,0.980279079741,0.314950687563,0.31493582085,24615.7745098,24614.8076923,7908.41176471,7908.03846154,56,56,,,,,,,,6c7b3c8aaaa6,/home/ubuntu/Github/thesis/modelling-cardiac-functions-thesis-index/output/results/heart_problem/matrix/fhncardiac1d-belhamadia2009-locality-e300-n256-ms4/fhncardiac1d/preset-belhamadia2009/grid-coarse20/active-a-d-gamma/convmultiplus/seed-1234/run-6c7b3c8aaaa6
complete,fhncardiac1d,Belhamadia2009,coarse20,"a,d,gamma",convmultiplus,1234,256,1,5,0,default,0,0,none,0,300,0.001,16,20,strong,reference_delta,cuda,0.000133883765945,0.000267767457383,"0,2,4",9.29126936222e-05,0,9.29126936222e-05,0.000644735955645,0.000614911084995,0,0.000614911084995,0.980624077588,0.980606868241,0.315494959433,0.315351683362,24623.4705882,24623.0384615,7922.07843137,7918.48076923,56,56,,,,,,,,5cb4ca14165a,/home/ubuntu/Github/thesis/modelling-cardiac-functions-thesis-index/output/results/heart_problem/matrix/fhncardiac1d-belhamadia2009-locality-e300-n256-ms4/fhncardiac1d/preset-belhamadia2009/grid-coarse20/active-a-d-gamma/convmultiplus/seed-1234/run-5cb4ca14165a
complete,fhncardiac1d,Belhamadia2009,coarse20,"a,d,gamma",convmultiplus,1235,256,0,1,0,default,0,0,none,0,300,0.001,16,20,strong,absolute,cuda,0.000662179687599,0.00132435930069,"0,2,4",0.000383994825606,0,0.000383994825606,0.00329849755331,0.254743337631,0,0.254743337631,0.954893566347,0.95486398309,0.0744606086162,0.0744072236008,4795.4754902,4795.32692308,373.941176471,373.673076923,56,56,,,,,,,,99fa2d909a6f,/home/ubuntu/Github/thesis/modelling-cardiac-functions-thesis-index/output/results/heart_problem/matrix/fhncardiac1d-belhamadia2009-locality-e300-n256-ms4/fhncardiac1d/preset-belhamadia2009/grid-coarse20/active-a-d-gamma/convmultiplus/seed-1235/run-99fa2d909a6f
complete,fhncardiac1d,Belhamadia2009,coarse20,"a,d,gamma",convmultiplus,1235,256,0,2,0,default,0,0,none,0,300,0.001,16,20,strong,absolute,cuda,0.000877760188244,0.00175552030198,"0,2,4",0.00047025378829,0,0.00047025378829,0.00447012441321,0.106974080205,0,0.106974080205,0.954881853179,0.954860153785,0.0746675412499,0.0744914683087,4795.41666667,4795.30769231,374.980392157,374.096153846,56,56,,,,,,,,71d4f63e0301,/home/ubuntu/Github/thesis/modelling-cardiac-functions-thesis-index/output/results/heart_problem/matrix/fhncardiac1d-belhamadia2009-locality-e300-n256-ms4/fhncardiac1d/preset-belhamadia2009/grid-coarse20/active-a-d-gamma/convmultiplus/seed-1235/run-71d4f63e0301
complete,fhncardiac1d,Belhamadia2009,coarse20,"a,d,gamma",convmultiplus,1235,256,0,5,0,default,0,0,none,0,300,0.001,16,20,strong,absolute,cuda,0.000341410467445,0.000682820860385,"0,2,4",0.000260771141331,0,0.000260771141331,0.00160162057098,0.00325736566447,0,0.00325736566447,0.954888685861,0.954791226297,0.0758378819469,0.074878228104,4795.45098039,4794.96153846,380.857843137,376.038461538,56,56,,,,,,,,52b1a3c423a8,/home/ubuntu/Github/thesis/modelling-cardiac-functions-thesis-index/output/results/heart_problem/matrix/fhncardiac1d-belhamadia2009-locality-e300-n256-ms4/fhncardiac1d/preset-belhamadia2009/grid-coarse20/active-a-d-gamma/convmultiplus/seed-1235/run-52b1a3c423a8
complete,fhncardiac1d,Belhamadia2009,coarse20,"a,d,gamma",convmultiplus,1235,256,1,1,0,default,0,0,none,0,300,0.001,16,20,strong,reference_delta,cuda,2.53174678842e-05,5.06348612625e-05,"0,2,4",2.19977296912e-05,0,2.19977296912e-05,0.000115768495863,0.000417409813963,0,0.000417409813963,0.980070239964,0.980029409062,0.314934289128,0.314934289128,24609.5637255,24608.5384615,7908,7908,56,56,,,,,,,,62f2d43af44a,/home/ubuntu/Github/thesis/modelling-cardiac-functions-thesis-index/output/results/heart_problem/matrix/fhncardiac1d-belhamadia2009-locality-e300-n256-ms4/fhncardiac1d/preset-belhamadia2009/grid-coarse20/active-a-d-gamma/convmultiplus/seed-1235/run-62f2d43af44a
complete,fhncardiac1d,Belhamadia2009,coarse20,"a,d,gamma",convmultiplus,1235,256,1,2,0,default,0,0,none,0,300,0.001,16,20,strong,reference_delta,cuda,5.75783896893e-05,0.000115156704873,"0,2,4",5.73791177469e-05,0,5.73791177469e-05,0.000253940888399,0.000620291859377,0,0.000620291859377,0.980317583027,0.980279079741,0.314950687563,0.31493582085,24615.7745098,24614.8076923,7908.41176471,7908.03846154,56,56,,,,,,,,b051ef1e0f71,/home/ubuntu/Github/thesis/modelling-cardiac-functions-thesis-index/output/results/heart_problem/matrix/fhncardiac1d-belhamadia2009-locality-e300-n256-ms4/fhncardiac1d/preset-belhamadia2009/grid-coarse20/active-a-d-gamma/convmultiplus/seed-1235/run-b051ef1e0f71
complete,fhncardiac1d,Belhamadia2009,coarse20,"a,d,gamma",convmultiplus,1235,256,1,5,0,default,0,0,none,0,300,0.001,16,20,strong,reference_delta,cuda,0.000163212950351,0.000326425826197,"0,2,4",8.32782910856e-05,0,8.32782910856e-05,0.000825977263929,0.000627447443549,0,0.000627447443549,0.980624077588,0.980606868241,0.315494959433,0.315351683362,24623.4705882,24623.0384615,7922.07843137,7918.48076923,56,56,,,,,,,,b48855ca32fb,/home/ubuntu/Github/thesis/modelling-cardiac-functions-thesis-index/output/results/heart_problem/matrix/fhncardiac1d-belhamadia2009-locality-e300-n256-ms4/fhncardiac1d/preset-belhamadia2009/grid-coarse20/active-a-d-gamma/convmultiplus/seed-1235/run-b48855ca32fb
complete,fhncardiac1d,Belhamadia2009,coarse20,"a,d,gamma",convmultiplus,1236,256,0,1,0,default,0,0,none,0,300,0.001,16,20,strong,absolute,cuda,0.000680921206195,0.00136184233788,"0,2,4",0.000380684651368,0,0.000380684651368,0.00339408968275,0.266410052776,0,0.266410052776,0.954893566347,0.95486398309,0.0744606086162,0.0744072236008,4795.4754902,4795.32692308,373.941176471,373.673076923,56,56,,,,,,,,738360fc79a3,/home/ubuntu/Github/thesis/modelling-cardiac-functions-thesis-index/output/results/heart_problem/matrix/fhncardiac1d-belhamadia2009-locality-e300-n256-ms4/fhncardiac1d/preset-belhamadia2009/grid-coarse20/active-a-d-gamma/convmultiplus/seed-1236/run-738360fc79a3
complete,fhncardiac1d,Belhamadia2009,coarse20,"a,d,gamma",convmultiplus,1236,256,0,2,0,default,0,0,none,0,300,0.001,16,20,strong,absolute,cuda,0.000565001401258,0.00113000272801,"0,2,4",0.00035955281305,0,0.00035955281305,0.00285278194294,0.0510595217347,0,0.0510595217347,0.954881853179,0.954860153785,0.0746675412499,0.0744914683087,4795.41666667,4795.30769231,374.980392157,374.096153846,56,56,,,,,,,,fcee66d9d4a3,/home/ubuntu/Github/thesis/modelling-cardiac-functions-thesis-index/output/results/heart_problem/matrix/fhncardiac1d-belhamadia2009-locality-e300-n256-ms4/fhncardiac1d/preset-belhamadia2009/grid-coarse20/active-a-d-gamma/convmultiplus/seed-1236/run-fcee66d9d4a3
complete,fhncardiac1d,Belhamadia2009,coarse20,"a,d,gamma",convmultiplus,1236,256,0,5,0,default,0,0,none,0,300,0.001,16,20,strong,absolute,cuda,0.000255293305314,0.000510586536123,"0,2,4",0.000193871203383,0,0.000193871203383,0.00117707587766,0.00202191155404,0,0.00202191155404,0.954888685861,0.954791226297,0.0758378819469,0.074878228104,4795.45098039,4794.96153846,380.857843137,376.038461538,56,56,,,,,,,,f71fbe08600f,/home/ubuntu/Github/thesis/modelling-cardiac-functions-thesis-index/output/results/heart_problem/matrix/fhncardiac1d-belhamadia2009-locality-e300-n256-ms4/fhncardiac1d/preset-belhamadia2009/grid-coarse20/active-a-d-gamma/convmultiplus/seed-1236/run-f71fbe08600f
complete,fhncardiac1d,Belhamadia2009,coarse20,"a,d,gamma",convmultiplus,1236,256,1,1,0,default,0,0,none,0,300,0.001,16,20,strong,reference_delta,cuda,2.45936706475e-05,4.91872667892e-05,"0,2,4",2.14210842837e-05,0,2.14210842837e-05,0.000113724334166,0.000429172650911,0,0.000429172650911,0.980070239964,0.980029409062,0.314934289128,0.314934289128,24609.5637255,24608.5384615,7908,7908,56,56,,,,,,,,5d6e79126a94,/home/ubuntu/Github/thesis/modelling-cardiac-functions-thesis-index/output/results/heart_problem/matrix/fhncardiac1d-belhamadia2009-locality-e300-n256-ms4/fhncardiac1d/preset-belhamadia2009/grid-coarse20/active-a-d-gamma/convmultiplus/seed-1236/run-5d6e79126a94
complete,fhncardiac1d,Belhamadia2009,coarse20,"a,d,gamma",convmultiplus,1236,256,1,2,0,default,0,0,none,0,300,0.001,16,20,strong,reference_delta,cuda,5.70225426604e-05,0.000114045010815,"0,2,4",3.4308210921e-05,0,3.4308210921e-05,0.000285835384802,0.000428917410318,0,0.000428917410318,0.980317583027,0.980279079741,0.314950687563,0.31493582085,24615.7745098,24614.8076923,7908.41176471,7908.03846154,56,56,,,,,,,,4258a7d097f6,/home/ubuntu/Github/thesis/modelling-cardiac-functions-thesis-index/output/results/heart_problem/matrix/fhncardiac1d-belhamadia2009-locality-e300-n256-ms4/fhncardiac1d/preset-belhamadia2009/grid-coarse20/active-a-d-gamma/convmultiplus/seed-1236/run-4258a7d097f6
complete,fhncardiac1d,Belhamadia2009,coarse20,"a,d,gamma",convmultiplus,1236,256,1,5,0,default,0,0,none,0,300,0.001,16,20,strong,reference_delta,cuda,0.000142657740352,0.000285315406197,"0,2,4",0.000113906212404,0,0.000113906212404,0.000673250748337,0.000535822822712,0,0.000535822822712,0.980624077588,0.980606868241,0.315494959433,0.315351683362,24623.4705882,24623.0384615,7922.07843137,7918.48076923,56,56,,,,,,,,5de5ff9692e7,/home/ubuntu/Github/thesis/modelling-cardiac-functions-thesis-index/output/results/heart_problem/matrix/fhncardiac1d-belhamadia2009-locality-e300-n256-ms4/fhncardiac1d/preset-belhamadia2009/grid-coarse20/active-a-d-gamma/convmultiplus/seed-1236/run-5de5ff9692e7
complete,fhncardiac1d,Belhamadia2009,coarse20,"a,d,gamma",convmultiplus,1237,256,0,1,0,default,0,0,none,0,300,0.001,16,20,strong,absolute,cuda,0.000677353676327,0.00135470727815,"0,2,4",0.000437022489094,0,0.000437022489094,0.00332887870368,0.278403371572,0,0.278403371572,0.954893566347,0.95486398309,0.0744606086162,0.0744072236008,4795.4754902,4795.32692308,373.941176471,373.673076923,56,56,,,,,,,,1dc4a5e1d9a1,/home/ubuntu/Github/thesis/modelling-cardiac-functions-thesis-index/output/results/heart_problem/matrix/fhncardiac1d-belhamadia2009-locality-e300-n256-ms4/fhncardiac1d/preset-belhamadia2009/grid-coarse20/active-a-d-gamma/convmultiplus/seed-1237/run-1dc4a5e1d9a1
complete,fhncardiac1d,Belhamadia2009,coarse20,"a,d,gamma",convmultiplus,1237,256,0,2,0,default,0,0,none,0,300,0.001,16,20,strong,absolute,cuda,0.0011152076693,0.0022304152641,"0,2,4",0.000653115320777,0,0.000653115320777,0.00560035134282,0.179424971342,0,0.179424971342,0.954881853179,0.954860153785,0.0746675412499,0.0744914683087,4795.41666667,4795.30769231,374.980392157,374.096153846,56,56,,,,,,,,e514534eb4a7,/home/ubuntu/Github/thesis/modelling-cardiac-functions-thesis-index/output/results/heart_problem/matrix/fhncardiac1d-belhamadia2009-locality-e300-n256-ms4/fhncardiac1d/preset-belhamadia2009/grid-coarse20/active-a-d-gamma/convmultiplus/seed-1237/run-e514534eb4a7
complete,fhncardiac1d,Belhamadia2009,coarse20,"a,d,gamma",convmultiplus,1237,256,0,5,0,default,0,0,none,0,300,0.001,16,20,strong,absolute,cuda,0.000331628878038,0.00066325768157,"0,2,4",0.000216864844267,0,0.000216864844267,0.00164628121017,0.00268657691777,0,0.00268657691777,0.954888685861,0.954791226297,0.0758378819469,0.074878228104,4795.45098039,4794.96153846,380.857843137,376.038461538,56,56,,,,,,,,a4c8b5b951ce,/home/ubuntu/Github/thesis/modelling-cardiac-functions-thesis-index/output/results/heart_problem/matrix/fhncardiac1d-belhamadia2009-locality-e300-n256-ms4/fhncardiac1d/preset-belhamadia2009/grid-coarse20/active-a-d-gamma/convmultiplus/seed-1237/run-a4c8b5b951ce
complete,fhncardiac1d,Belhamadia2009,coarse20,"a,d,gamma",convmultiplus,1237,256,1,1,0,default,0,0,none,0,300,0.001,16,20,strong,reference_delta,cuda,2.78635178728e-05,5.57269612398e-05,"0,2,4",2.04245792263e-05,0,2.04245792263e-05,0.000135189249253,0.000444914854597,0,0.000444914854597,0.980070239964,0.980029409062,0.314934289128,0.314934289128,24609.5637255,24608.5384615,7908,7908,56,56,,,,,,,,71d82fd733eb,/home/ubuntu/Github/thesis/modelling-cardiac-functions-thesis-index/output/results/heart_problem/matrix/fhncardiac1d-belhamadia2009-locality-e300-n256-ms4/fhncardiac1d/preset-belhamadia2009/grid-coarse20/active-a-d-gamma/convmultiplus/seed-1237/run-71d82fd733eb
complete,fhncardiac1d,Belhamadia2009,coarse20,"a,d,gamma",convmultiplus,1237,256,1,2,0,default,0,0,none,0,300,0.001,16,20,strong,reference_delta,cuda,5.13359978489e-05,0.000102671921192,"0,2,4",4.29154219707e-05,0,4.29154219707e-05,0.000234651134861,0.000454629043816,0,0.000454629043816,0.980317583027,0.980279079741,0.314950687563,0.31493582085,24615.7745098,24614.8076923,7908.41176471,7908.03846154,56,56,,,,,,,,9e93ead2ab8a,/home/ubuntu/Github/thesis/modelling-cardiac-functions-thesis-index/output/results/heart_problem/matrix/fhncardiac1d-belhamadia2009-locality-e300-n256-ms4/fhncardiac1d/preset-belhamadia2009/grid-coarse20/active-a-d-gamma/convmultiplus/seed-1237/run-9e93ead2ab8a
complete,fhncardiac1d,Belhamadia2009,coarse20,"a,d,gamma",convmultiplus,1237,256,1,5,0,default,0,0,none,0,300,0.001,16,20,strong,reference_delta,cuda,0.000141133091779,0.000282266109052,"0,2,4",0.000133775026152,0,0.000133775026152,0.000644983442211,0.000586854759604,0,0.000586854759604,0.980624077588,0.980606868241,0.315494959433,0.315351683362,24623.4705882,24623.0384615,7922.07843137,7918.48076923,56,56,,,,,,,,726b4e2ce601,/home/ubuntu/Github/thesis/modelling-cardiac-functions-thesis-index/output/results/heart_problem/matrix/fhncardiac1d-belhamadia2009-locality-e300-n256-ms4/fhncardiac1d/preset-belhamadia2009/grid-coarse20/active-a-d-gamma/convmultiplus/seed-1237/run-726b4e2ce601
complete,fhncardiac1d,Belhamadia2009,coarse20,"a,d,gamma",fnobase,1234,256,0,1,0,default,0,0,none,0,300,0.001,16,20,strong,absolute,cuda,0.000696254981525,0.00139250988855,"0,2,4",0.000476891771349,0,0.000476891771349,0.00346453135617,0.286627590656,0,0.286627590656,0.954893566347,0.95486398309,0.0744606086162,0.0744072236008,4795.4754902,4795.32692308,373.941176471,373.673076923,56,56,,,,,,,,d92b15649a4e,/home/ubuntu/Github/thesis/modelling-cardiac-functions-thesis-index/output/results/heart_problem/matrix/fhncardiac1d-belhamadia2009-locality-e300-n256-ms4/fhncardiac1d/preset-belhamadia2009/grid-coarse20/active-a-d-gamma/fnobase/seed-1234/run-d92b15649a4e
complete,fhncardiac1d,Belhamadia2009,coarse20,"a,d,gamma",fnobase,1234,256,0,2,0,default,0,0,none,0,300,0.001,16,20,strong,absolute,cuda,0.00138228619687,0.00276457231924,"0,2,4",0.000974671468141,0,0.000974671468141,0.00688789335555,0.279439359903,0,0.279439359903,0.954881853179,0.954860153785,0.0746675412499,0.0744914683087,4795.41666667,4795.30769231,374.980392157,374.096153846,56,56,,,,,,,,2262ba58647d,/home/ubuntu/Github/thesis/modelling-cardiac-functions-thesis-index/output/results/heart_problem/matrix/fhncardiac1d-belhamadia2009-locality-e300-n256-ms4/fhncardiac1d/preset-belhamadia2009/grid-coarse20/active-a-d-gamma/fnobase/seed-1234/run-2262ba58647d
complete,fhncardiac1d,Belhamadia2009,coarse20,"a,d,gamma",fnobase,1234,256,0,5,0,default,0,0,none,0,300,0.001,16,20,strong,absolute,cuda,0.000540476580911,0.00108095308732,"0,2,4",0.000365803596131,0,0.000365803596131,0.00267593234138,0.0075366278179,0,0.0075366278179,0.954888685861,0.954791226297,0.0758378819469,0.074878228104,4795.45098039,4794.96153846,380.857843137,376.038461538,56,56,,,,,,,,1df34afb7158,/home/ubuntu/Github/thesis/modelling-cardiac-functions-thesis-index/output/results/heart_problem/matrix/fhncardiac1d-belhamadia2009-locality-e300-n256-ms4/fhncardiac1d/preset-belhamadia2009/grid-coarse20/active-a-d-gamma/fnobase/seed-1234/run-1df34afb7158
complete,fhncardiac1d,Belhamadia2009,coarse20,"a,d,gamma",fnobase,1234,256,1,1,0,default,0,0,none,0,300,0.001,16,20,strong,reference_delta,cuda,6.52599792383e-05,0.000130519883971,"0,2,4",3.45373908485e-05,0,3.45373908485e-05,0.000335600111281,0.00251812813804,0,0.00251812813804,0.980070239964,0.980029409062,0.314934289128,0.314934289128,24609.5637255,24608.5384615,7908,7908,56,56,,,,,,,,fad6a372306c,/home/ubuntu/Github/thesis/modelling-cardiac-functions-thesis-index/output/results/heart_problem/matrix/fhncardiac1d-belhamadia2009-locality-e300-n256-ms4/fhncardiac1d/preset-belhamadia2009/grid-coarse20/active-a-d-gamma/fnobase/seed-1234/run-fad6a372306c
complete,fhncardiac1d,Belhamadia2009,coarse20,"a,d,gamma",fnobase,1234,256,1,2,0,default,0,0,none,0,300,0.001,16,20,strong,reference_delta,cuda,0.000135965270291,0.000271930466076,"0,2,4",9.0053537987e-05,0,9.0053537987e-05,0.000661853992734,0.00297313788906,0,0.00297313788906,0.980317583027,0.980279079741,0.314950687563,0.31493582085,24615.7745098,24614.8076923,7908.41176471,7908.03846154,56,56,,,,,,,,2598011e07f1,/home/ubuntu/Github/thesis/modelling-cardiac-functions-thesis-index/output/results/heart_problem/matrix/fhncardiac1d-belhamadia2009-locality-e300-n256-ms4/fhncardiac1d/preset-belhamadia2009/grid-coarse20/active-a-d-gamma/fnobase/seed-1234/run-2598011e07f1
complete,fhncardiac1d,Belhamadia2009,coarse20,"a,d,gamma",fnobase,1234,256,1,5,0,default,0,0,none,0,300,0.001,16,20,strong,reference_delta,cuda,0.000488763826035,0.000977527577564,"0,2,4",0.000280622839338,0,0.000280622839338,0.00249544921581,0.00645341258496,0,0.00645341258496,0.980624077588,0.980606868241,0.315494959433,0.315351683362,24623.4705882,24623.0384615,7922.07843137,7918.48076923,56,56,,,,,,,,016969ee7022,/home/ubuntu/Github/thesis/modelling-cardiac-functions-thesis-index/output/results/heart_problem/matrix/fhncardiac1d-belhamadia2009-locality-e300-n256-ms4/fhncardiac1d/preset-belhamadia2009/grid-coarse20/active-a-d-gamma/fnobase/seed-1234/run-016969ee7022
complete,fhncardiac1d,Belhamadia2009,coarse20,"a,d,gamma",fnobase,1235,256,0,1,0,default,0,0,none,0,300,0.001,16,20,strong,absolute,cuda,0.000670331497018,0.00134066291953,"0,2,4",0.000471300233536,0,0.000471300233536,0.00330969118055,0.273733764887,0,0.273733764887,0.954893566347,0.95486398309,0.0744606086162,0.0744072236008,4795.4754902,4795.32692308,373.941176471,373.673076923,56,56,,,,,,,,ee462620afb5,/home/ubuntu/Github/thesis/modelling-cardiac-functions-thesis-index/output/results/heart_problem/matrix/fhncardiac1d-belhamadia2009-locality-e300-n256-ms4/fhncardiac1d/preset-belhamadia2009/grid-coarse20/active-a-d-gamma/fnobase/seed-1235/run-ee462620afb5
complete,fhncardiac1d,Belhamadia2009,coarse20,"a,d,gamma",fnobase,1235,256,0,2,0,default,0,0,none,0,300,0.001,16,20,strong,absolute,cuda,0.00120261178238,0.00240522349025,"0,2,4",0.000851210946346,0,0.000851210946346,0.00595907352559,0.2026296556,0,0.2026296556,0.954881853179,0.954860153785,0.0746675412499,0.0744914683087,4795.41666667,4795.30769231,374.980392157,374.096153846,56,56,,,,,,,,d4a0070aa5ab,/home/ubuntu/Github/thesis/modelling-cardiac-functions-thesis-index/output/results/heart_problem/matrix/fhncardiac1d-belhamadia2009-locality-e300-n256-ms4/fhncardiac1d/preset-belhamadia2009/grid-coarse20/active-a-d-gamma/fnobase/seed-1235/run-d4a0070aa5ab
complete,fhncardiac1d,Belhamadia2009,coarse20,"a,d,gamma",fnobase,1235,256,0,5,0,default,0,0,none,0,300,0.001,16,20,strong,absolute,cuda,0.00048985523067,0.000979710386835,"0,2,4",0.000260532416271,0,0.000260532416271,0.00248640443579,0.00574275013059,0,0.00574275013059,0.954888685861,0.954791226297,0.0758378819469,0.074878228104,4795.45098039,4794.96153846,380.857843137,376.038461538,56,56,,,,,,,,46cb6f74f2e4,/home/ubuntu/Github/thesis/modelling-cardiac-functions-thesis-index/output/results/heart_problem/matrix/fhncardiac1d-belhamadia2009-locality-e300-n256-ms4/fhncardiac1d/preset-belhamadia2009/grid-coarse20/active-a-d-gamma/fnobase/seed-1235/run-46cb6f74f2e4
complete,fhncardiac1d,Belhamadia2009,coarse20,"a,d,gamma",fnobase,1235,256,1,1,0,default,0,0,none,0,300,0.001,16,20,strong,reference_delta,cuda,5.15366219378e-05,0.00010307316937,"0,2,4",2.42605728531e-05,0,2.42605728531e-05,0.000261667469747,0.00195782608353,0,0.00195782608353,0.980070239964,0.980029409062,0.314934289128,0.314934289128,24609.5637255,24608.5384615,7908,7908,56,56,,,,,,,,a74acbbf574f,/home/ubuntu/Github/thesis/modelling-cardiac-functions-thesis-index/output/results/heart_problem/matrix/fhncardiac1d-belhamadia2009-locality-e300-n256-ms4/fhncardiac1d/preset-belhamadia2009/grid-coarse20/active-a-d-gamma/fnobase/seed-1235/run-a74acbbf574f
complete,fhncardiac1d,Belhamadia2009,coarse20,"a,d,gamma",fnobase,1235,256,1,2,0,default,0,0,none,0,300,0.001,16,20,strong,reference_delta,cuda,0.00015792723576,0.000315854397014,"0,2,4",6.28498658034e-05,0,6.28498658034e-05,0.000830026479075,0.00422319071367,0,0.00422319071367,0.980317583027,0.980279079741,0.314950687563,0.31493582085,24615.7745098,24614.8076923,7908.41176471,7908.03846154,56,56,,,,,,,,f49e61838bdc,/home/ubuntu/Github/thesis/modelling-cardiac-functions-thesis-index/output/results/heart_problem/matrix/fhncardiac1d-belhamadia2009-locality-e300-n256-ms4/fhncardiac1d/preset-belhamadia2009/grid-coarse20/active-a-d-gamma/fnobase/seed-1235/run-f49e61838bdc
complete,fhncardiac1d,Belhamadia2009,coarse20,"a,d,gamma",fnobase,1235,256,1,5,0,default,0,0,none,0,300,0.001,16,20,strong,reference_delta,cuda,0.000155145590956,0.000310291107405,"0,2,4",0.000129914703909,0,0.000129914703909,0.000697070621908,0.000801207672339,0,0.000801207672339,0.980624077588,0.980606868241,0.315494959433,0.315351683362,24623.4705882,24623.0384615,7922.07843137,7918.48076923,56,56,,,,,,,,a443e794e28e,/home/ubuntu/Github/thesis/modelling-cardiac-functions-thesis-index/output/results/heart_problem/matrix/fhncardiac1d-belhamadia2009-locality-e300-n256-ms4/fhncardiac1d/preset-belhamadia2009/grid-coarse20/active-a-d-gamma/fnobase/seed-1235/run-a443e794e28e
complete,fhncardiac1d,Belhamadia2009,coarse20,"a,d,gamma",fnobase,1236,256,0,1,0,default,0,0,none,0,300,0.001,16,20,strong,absolute,cuda,0.000682571880777,0.00136514368705,"0,2,4",0.000448825757527,0,0.000448825757527,0.00344610940617,0.269628226757,0,0.269628226757,0.954893566347,0.95486398309,0.0744606086162,0.0744072236008,4795.4754902,4795.32692308,373.941176471,373.673076923,56,56,,,,,,,,b597dd516931,/home/ubuntu/Github/thesis/modelling-cardiac-functions-thesis-index/output/results/heart_problem/matrix/fhncardiac1d-belhamadia2009-locality-e300-n256-ms4/fhncardiac1d/preset-belhamadia2009/grid-coarse20/active-a-d-gamma/fnobase/seed-1236/run-b597dd516931
complete,fhncardiac1d,Belhamadia2009,coarse20,"a,d,gamma",fnobase,1236,256,0,2,0,default,0,0,none,0,300,0.001,16,20,strong,absolute,cuda,0.00140135805755,0.0028027160406,"0,2,4",0.000979845098977,0,0.000979845098977,0.00703986161643,0.275341808796,0,0.275341808796,0.954881853179,0.954860153785,0.0746675412499,0.0744914683087,4795.41666667,4795.30769231,374.980392157,374.096153846,56,56,,,,,,,,5ec4096a6c5f,/home/ubuntu/Github/thesis/modelling-cardiac-functions-thesis-index/output/results/heart_problem/matrix/fhncardiac1d-belhamadia2009-locality-e300-n256-ms4/fhncardiac1d/preset-belhamadia2009/grid-coarse20/active-a-d-gamma/fnobase/seed-1236/run-5ec4096a6c5f
complete,fhncardiac1d,Belhamadia2009,coarse20,"a,d,gamma",fnobase,1236,256,0,5,0,default,0,0,none,0,300,0.001,16,20,strong,absolute,cuda,0.000829879609505,0.0016597591445,"0,2,4",0.000521951719314,0,0.000521951719314,0.00413080985131,0.016699925065,0,0.016699925065,0.954888685861,0.954791226297,0.0758378819469,0.074878228104,4795.45098039,4794.96153846,380.857843137,376.038461538,56,56,,,,,,,,2237ae8f6497,/home/ubuntu/Github/thesis/modelling-cardiac-functions-thesis-index/output/results/heart_problem/matrix/fhncardiac1d-belhamadia2009-locality-e300-n256-ms4/fhncardiac1d/preset-belhamadia2009/grid-coarse20/active-a-d-gamma/fnobase/seed-1236/run-2237ae8f6497
complete,fhncardiac1d,Belhamadia2009,coarse20,"a,d,gamma",fnobase,1236,256,1,1,0,default,0,0,none,0,300,0.001,16,20,strong,reference_delta,cuda,5.15104893195e-05,0.000103020904133,"0,2,4",3.83049130336e-05,0,3.83049130336e-05,0.000236416254682,0.00184894562699,0,0.00184894562699,0.980070239964,0.980029409062,0.314934289128,0.314934289128,24609.5637255,24608.5384615,7908,7908,56,56,,,,,,,,6fc7e6a9bfb4,/home/ubuntu/Github/thesis/modelling-cardiac-functions-thesis-index/output/results/heart_problem/matrix/fhncardiac1d-belhamadia2009-locality-e300-n256-ms4/fhncardiac1d/preset-belhamadia2009/grid-coarse20/active-a-d-gamma/fnobase/seed-1236/run-6fc7e6a9bfb4
complete,fhncardiac1d,Belhamadia2009,coarse20,"a,d,gamma",fnobase,1236,256,1,2,0,default,0,0,none,0,300,0.001,16,20,strong,reference_delta,cuda,8.25891875428e-05,0.00016517830058,"0,2,4",4.97819614232e-05,0,4.97819614232e-05,0.000397781100638,0.00121229619253,0,0.00121229619253,0.980317583027,0.980279079741,0.314950687563,0.31493582085,24615.7745098,24614.8076923,7908.41176471,7908.03846154,56,56,,,,,,,,a3a868eb4c3e,/home/ubuntu/Github/thesis/modelling-cardiac-functions-thesis-index/output/results/heart_problem/matrix/fhncardiac1d-belhamadia2009-locality-e300-n256-ms4/fhncardiac1d/preset-belhamadia2009/grid-coarse20/active-a-d-gamma/fnobase/seed-1236/run-a3a868eb4c3e
complete,fhncardiac1d,Belhamadia2009,coarse20,"a,d,gamma",fnobase,1236,256,1,5,0,default,0,0,none,0,300,0.001,16,20,strong,reference_delta,cuda,0.00024778998429,0.000495579894074,"0,2,4",0.000140378344884,0,0.000140378344884,0.00121508939627,0.00151681830175,0,0.00151681830175,0.980624077588,0.980606868241,0.315494959433,0.315351683362,24623.4705882,24623.0384615,7922.07843137,7918.48076923,56,56,,,,,,,,60bfc7e37b07,/home/ubuntu/Github/thesis/modelling-cardiac-functions-thesis-index/output/results/heart_problem/matrix/fhncardiac1d-belhamadia2009-locality-e300-n256-ms4/fhncardiac1d/preset-belhamadia2009/grid-coarse20/active-a-d-gamma/fnobase/seed-1236/run-60bfc7e37b07
complete,fhncardiac1d,Belhamadia2009,coarse20,"a,d,gamma",fnobase,1237,256,0,1,0,default,0,0,none,0,300,0.001,16,20,strong,absolute,cuda,0.000703245051233,0.00140649002796,"0,2,4",0.000456438416459,0,0.000456438416459,0.00351297916255,0.281383097172,0,0.281383097172,0.954893566347,0.95486398309,0.0744606086162,0.0744072236008,4795.4754902,4795.32692308,373.941176471,373.673076923,56,56,,,,,,,,660f148d78c3,/home/ubuntu/Github/thesis/modelling-cardiac-functions-thesis-index/output/results/heart_problem/matrix/fhncardiac1d-belhamadia2009-locality-e300-n256-ms4/fhncardiac1d/preset-belhamadia2009/grid-coarse20/active-a-d-gamma/fnobase/seed-1237/run-660f148d78c3
complete,fhncardiac1d,Belhamadia2009,coarse20,"a,d,gamma",fnobase,1237,256,0,2,0,default,0,0,none,0,300,0.001,16,20,strong,absolute,cuda,0.0013783806462,0.0027567612179,"0,2,4",0.00096931505194,0,0.00096931505194,0.00681677981814,0.284587532282,0,0.284587532282,0.954881853179,0.954860153785,0.0746675412499,0.0744914683087,4795.41666667,4795.30769231,374.980392157,374.096153846,56,56,,,,,,,,8f39d39a718f,/home/ubuntu/Github/thesis/modelling-cardiac-functions-thesis-index/output/results/heart_problem/matrix/fhncardiac1d-belhamadia2009-locality-e300-n256-ms4/fhncardiac1d/preset-belhamadia2009/grid-coarse20/active-a-d-gamma/fnobase/seed-1237/run-8f39d39a718f
complete,fhncardiac1d,Belhamadia2009,coarse20,"a,d,gamma",fnobase,1237,256,0,5,0,default,0,0,none,0,300,0.001,16,20,strong,absolute,cuda,0.000531997620337,0.00106399516617,"0,2,4",0.000345956389591,0,0.000345956389591,0.00266908073186,0.00862119626254,0,0.00862119626254,0.954888685861,0.954791226297,0.0758378819469,0.074878228104,4795.45098039,4794.96153846,380.857843137,376.038461538,56,56,,,,,,,,b71cfd9e036e,/home/ubuntu/Github/thesis/modelling-cardiac-functions-thesis-index/output/results/heart_problem/matrix/fhncardiac1d-belhamadia2009-locality-e300-n256-ms4/fhncardiac1d/preset-belhamadia2009/grid-coarse20/active-a-d-gamma/fnobase/seed-1237/run-b71cfd9e036e
complete,fhncardiac1d,Belhamadia2009,coarse20,"a,d,gamma",fnobase,1237,256,1,1,0,default,0,0,none,0,300,0.001,16,20,strong,reference_delta,cuda,3.81421485722e-05,7.62842226386e-05,"0,2,4",2.44765423295e-05,0,2.44765423295e-05,0.000178513254513,0.00128595763817,0,0.00128595763817,0.980070239964,0.980029409062,0.314934289128,0.314934289128,24609.5637255,24608.5384615,7908,7908,56,56,,,,,,,,c354886a05c2,/home/ubuntu/Github/thesis/modelling-cardiac-functions-thesis-index/output/results/heart_problem/matrix/fhncardiac1d-belhamadia2009-locality-e300-n256-ms4/fhncardiac1d/preset-belhamadia2009/grid-coarse20/active-a-d-gamma/fnobase/seed-1237/run-c354886a05c2
complete,fhncardiac1d,Belhamadia2009,coarse20,"a,d,gamma",fnobase,1237,256,1,2,0,default,0,0,none,0,300,0.001,16,20,strong,reference_delta,cuda,0.000116377223146,0.000232754371787,"0,2,4",7.58810185545e-05,0,7.58810185545e-05,0.000561798099415,0.00201594689861,0,0.00201594689861,0.980317583027,0.980279079741,0.314950687563,0.31493582085,24615.7745098,24614.8076923,7908.41176471,7908.03846154,56,56,,,,,,,,7fc744bcd768,/home/ubuntu/Github/thesis/modelling-cardiac-functions-thesis-index/output/results/heart_problem/matrix/fhncardiac1d-belhamadia2009-locality-e300-n256-ms4/fhncardiac1d/preset-belhamadia2009/grid-coarse20/active-a-d-gamma/fnobase/seed-1237/run-7fc744bcd768
complete,fhncardiac1d,Belhamadia2009,coarse20,"a,d,gamma",fnobase,1237,256,1,5,0,default,0,0,none,0,300,0.001,16,20,strong,reference_delta,cuda,0.000320715654092,0.000641431233678,"0,2,4",0.000177022759595,0,0.000177022759595,0.00157597711803,0.00276307156309,0,0.00276307156309,0.980624077588,0.980606868241,0.315494959433,0.315351683362,24623.4705882,24623.0384615,7922.07843137,7918.48076923,56,56,,,,,,,,a1392b337c35,/home/ubuntu/Github/thesis/modelling-cardiac-functions-thesis-index/output/results/heart_problem/matrix/fhncardiac1d-belhamadia2009-locality-e300-n256-ms4/fhncardiac1d/preset-belhamadia2009/grid-coarse20/active-a-d-gamma/fnobase/seed-1237/run-a1392b337c35
